name,answer
财税大数据应用,"作为物流行业的职业分析师，我将为您提供关于财税大数据应用的专业素养、通用能力和专业技能的分析。下面是按照您的要求提取的三个维度的能力列表：
专业素养能力：
经济学原理：宏观经济学，微观经济学，经济周期，供求关系，成本分析
财务知识：财务报表分析，成本控制，财务指标，现金流量管理，会计原则
税法理解：税收政策，税务规划，税收合规，税务申报，税务审计
数据分析：统计学，数据挖掘，数据可视化，数据解读，数据建模
商业智能：数据驱动决策，预测分析，业务优化，风险管理，市场竞争分析
通用能力：
逻辑思维能力：问题解决，推理能力，分析思考，逻辑推理，概念抽象
沟通能力：口头表达，书面沟通，团队合作，跨部门协作，客户关系管理
创新思维：创意发散，问题发现，解决方案创造，改进提升，技术应用创新
项目管理：项目规划，任务分配，时间管理，风险控制，项目评估
综合分析能力：综合素材分析，综合判断，综合决策，综合评估，综合解决问题
专业技能：
数据处理：数据清洗，数据整合，数据导入导出，数据编程，数据验证
数据建模：统计建模，机器学习，时间序列分析，回归分析，聚类分析
数据可视化：可视化工具，图表设计，数据故事讲述，信息图表达，交互式可视化
数据查询：SQL查询，数据库管理，数据抽取，数据转换，数据查询优化
数据安全：数据隐私，数据保护，数据备份，访问控制，风险识别与防范
以上是针对财税大数据应用的专业素养、通用能力和专业技能的分析，希望能对您的文本分析任务有所帮助。"
资产评估与管理,"作为物流行业的职业分析师，我将为您提供关于资产评估与管理的专业素养、通用能力和专业技能的分析。下面是按照您的要求提取的三个维度的能力列表：
专业素养能力：
资产评估理论：资产定价模型，现金流量折现，市场价值分析，收益率计算，资产估值方法
金融知识：投资组合管理，资产配置，资本市场理论，风险管理，投资风险评估
财务分析：财务报表分析，财务指标评估，资产负债表分析，利润表分析，现金流量表分析
法律法规：资产管理法规，知识产权保护，合同管理，合规审计，风险防范
商业智能：数据分析，数据挖掘，决策支持，市场调研，竞争分析
通用能力：
问题解决能力：逻辑思维，创新思维，解决方案提供，决策能力，问题排查
沟通能力：口头表达，书面沟通，跨部门协作，客户关系管理，演示技巧
数据分析能力：数据处理，数据解读，数据可视化，统计分析，数据模型构建
项目管理：项目规划，进度管理，风险管理，团队协作，项目评估
综合分析能力：综合素材分析，综合判断，综合决策，综合评估，问题诊断
专业技能：
资产估值技能：现金流量估算，折现率计算，市场对比法，收益法，成本法
风险评估技能：风险识别，风险定量分析，风险管理策略，风险监控，风险评估工具
数据建模：统计建模，回归分析，时间序列分析，数据挖掘，机器学习
资产管理系统：资产登记与分类，资产处置，资产追踪，资产保养，资产报废
报告撰写：评估报告，风险分析报告，资产管理报告，决策支持报告，项目进展报告
以上是针对资产评估与管理的专业素养、通用能力和专业技能的分析，希望能对您的文本分析任务有所帮助。"
政府采购管理,"作为物流行业的职业分析师，我将为您提供关于政府采购管理的专业素养、通用能力和专业技能的分析。下面是按照您的要求提取的三个维度的能力列表：
专业素养能力：
政府采购法规：采购法律法规，采购政策，合同管理，采购监督，风险防范
采购流程：采购需求分析，招标文件编制，评标和定标，合同签订，履约管理
供应商管理：供应商筛选，供应商评估，供应商合作，供应商绩效管理，供应链管理
成本控制：预算编制，采购成本分析，成本效益评估，价格谈判，成本节约
项目管理：项目规划，进度管理，风险管理，团队协作，项目评估
通用能力：
问题解决能力：逻辑思维，创新思维，解决方案提供，决策能力，问题排查
沟通能力：口头表达，书面沟通，跨部门协作，客户关系管理，演示技巧
数据分析能力：数据处理，数据解读，数据可视化，统计分析，数据模型构建
项目管理：项目规划，进度管理，风险管理，团队协作，项目评估
综合分析能力：综合素材分析，综合判断，综合决策，综合评估，问题诊断
专业技能：
采购需求分析：需求调研，需求定义，需求分析方法，需求规格书，用户访谈
招标文件编制：招标策略，招标文件撰写，技术规格书，评分标准，招标文件审批
评标和定标：评标委员会组织，评标标准制定，评标方法，评标报告，定标结果
合同管理：合同起草，合同审批，合同履约监督，合同变更管理，合同索赔
采购风险管理：风险识别，风险评估，风险控制策略，风险应对措施，风险监控
以上是针对政府采购管理的专业素养、通用能力和专业技能的分析，希望能对您的文本分析任务有所帮助。"
保险实务,"作为物流行业的职业分析师，我将为您提供关于保险实务的专业素养、通用能力和专业技能的分析。下面是按照您的要求提取的三个维度的能力列表：
专业素养能力：
保险法规：保险法律法规，保险监管政策，保险合同法，保险理赔规定，风险防范
保险产品知识：险种分类，保险条款解读，保费计算，保额评估，产品创新
保险风险评估：风险识别，风险定量分析，风险管理策略，风险监控，风险评估工具
保险理赔流程：理赔申请，理赔资料审核，理赔决定，理赔支付，理赔案件处理
商业智能：数据分析，数据挖掘，决策支持，市场调研，竞争分析
通用能力：
问题解决能力：逻辑思维，创新思维，解决方案提供，决策能力，问题排查
沟通能力：口头表达，书面沟通，跨部门协作，客户关系管理，演示技巧
数据分析能力：数据处理，数据解读，数据可视化，统计分析，数据模型构建
项目管理：项目规划，进度管理，风险管理，团队协作，项目评估
综合分析能力：综合素材分析，综合判断，综合决策，综合评估，问题诊断
专业技能：
保险产品销售：销售技巧，需求分析，产品介绍，客户关系管理，保险销售策略
保险风险评估：风险识别，风险分析，风险评估工具，风险控制策略，风险管理
理赔管理：理赔流程掌握，理赔资料审核，理赔决策，理赔案件处理，索赔谈判
保险合同管理：合同起草，合同审批，合同履约监督，合同变更管理，合同索赔
保险风险管理：风险评估，风险控制策略，风险防范，风险监控，风险规避
以上是针对保险实务的专业素养、通用能力和专业技能的分析，希望能对您的文本分析任务有所帮助。"
信用管理,"作为物流行业的职业分析师，我将为您提供关于信用管理的专业素养、通用能力和专业技能的分析。下面是按照您的要求提取的三个维度的能力列表：
专业素养能力：
信用管理理论：信用评估模型，信用风险管理，信用政策，信用合规，信用修复
法律法规：信用法律法规，合同管理，法律合规，风险防范，法律风险评估
信用政策制定：信用标准制定，信用评价体系，信用奖惩机制，信用监控，信用政策调整
信用数据分析：信用数据收集，信用数据清洗，信用数据建模，信用数据解读，信用报告分析
商业智能：数据分析，数据挖掘，决策支持，市场调研，竞争分析
通用能力：
问题解决能力：逻辑思维，创新思维，解决方案提供，决策能力，问题排查
沟通能力：口头表达，书面沟通，跨部门协作，客户关系管理，演示技巧
数据分析能力：数据处理，数据解读，数据可视化，统计分析，数据模型构建
项目管理：项目规划，进度管理，风险管理，团队协作，项目评估
综合分析能力：综合素材分析，综合判断，综合决策，综合评估，问题诊断
专业技能：
信用评估技能：信用报告分析，信用评分模型，信用指标分析，信用评估工具，风险评估
风险控制技能：风险识别，风险分析，风险控制策略，风险防范，风险监控
信用修复技能：信用纠纷处理，信用修复方案，信用恢复计划，信用修复策略，信用纠错
数据分析工具：数据挖掘软件，数据可视化工具，统计分析软件，数据处理软件，数据建模工具
统计学知识：概率统计，假设检验，回归分析，时间序列分析，抽样理论
以上是针对信用管理的专业素养、通用能力和专业技能的分析，希望能对您的文本分析任务有所帮助。"
财富管理,"作为物流行业的职业分析师，我将为您提供关于财富管理的专业素养、通用能力和专业技能的分析。下面是按照您的要求提取的三个维度的能力列表：
专业素养能力：
财富管理理论：财富规划，投资理论，资产配置，财富保护，财富传承
理财知识：金融市场，投资产品，风险管理，投资组合，财务规划
税务筹划：税收政策，避税策略，税务合规，财务报表分析，税务审计
风险管理：风险识别，风险评估，风险控制，风险防范，风险投资
商业智能：数据分析，数据挖掘，决策支持，市场调研，竞争分析
通用能力：
问题解决能力：逻辑思维，创新思维，解决方案提供，决策能力，问题排查
沟通能力：口头表达，书面沟通，跨部门协作，客户关系管理，演示技巧
数据分析能力：数据处理，数据解读，数据可视化，统计分析，数据模型构建
项目管理：项目规划，进度管理，风险管理，团队协作，项目评估
综合分析能力：综合素材分析，综合判断，综合决策，综合评估，问题诊断
专业技能：
财务规划：财务目标设定，预算编制，资产分析，负债管理，投资计划
投资分析：行业分析，公司估值，投资风险评估，投资策略，投资决策
资产配置技能：资产分散化，资产组合构建，资产配置策略，资产风险控制，资产收益优化
税务筹划技能：个人所得税优化，财产转移策略，遗产规划，国际税务筹划，税收合规
财富传承技能：遗嘱编制，信托管理，家族办公室，慈善规划，资产继承
以上是针对财富管理的专业素养、通用能力和专业技能的分析，希望能对您的文本分析任务有所帮助。"
证券实务,"作为物流行业的职业分析师，我将为您提供关于证券实务的专业素养、通用能力和专业技能的分析。下面是按照您的要求提取的三个维度的能力列表：
专业素养能力：
证券市场知识：证券法规，证券交易所规则，证券市场机制，证券产品，证券交易流程
投资理论：资本市场理论，投资风险管理，投资组合理论，价值投资，技术分析
资金管理：资金规划，资金流动分析，风险控制，资金调度，资金筹集
法律法规：证券法规，合同管理，法律合规，风险防范，法律风险评估
商业智能：数据分析，数据挖掘，决策支持，市场调研，竞争分析
通用能力：
问题解决能力：逻辑思维，创新思维，解决方案提供，决策能力，问题排查
沟通能力：口头表达，书面沟通，跨部门协作，客户关系管理，演示技巧
数据分析能力：数据处理，数据解读，数据可视化，统计分析，数据模型构建
项目管理：项目规划，进度管理，风险管理，团队协作，项目评估
综合分析能力：综合素材分析，综合判断，综合决策，综合评估，问题诊断
专业技能：
证券投资分析：公司分析，行业分析，投资决策，估值方法，风险评估
交易执行技能：交易流程掌握，交易系统使用，交易指令执行，交易结果分析，交易错误处理
投资组合管理：资产配置，投资组合构建，风险控制，投资策略，绩效评估
风险管理：风险识别，风险评估，风险控制策略，风险防范，风险投资
报告撰写：投资报告，市场分析报告，风险评估报告，投资策略报告，绩效报告
以上是针对证券实务的专业素养、通用能力和专业技能的分析，希望能对您的文本分析任务有所帮助。"
农村金融,"作为物流行业的职业分析师，我将为您提供关于农村金融的专业素养、通用能力和专业技能的分析。下面是按照您的要求提取的三个维度的能力列表：
专业素养能力：
农村金融政策：农村金融法规，农村金融政策，农村信用体系建设，农村金融改革，农村金融创新
农村金融产品：农村信贷产品，农村保险产品，农村理财产品，农村支付产品，农村投资产品
农村金融市场：农村金融机构，农村金融市场发展，农村金融机制，农村金融监管，农村金融风险管理
农村金融知识：农村经济发展，农业经济学，农村金融管理，农村金融机遇与挑战，农村金融市场调查
商业智能：数据分析，数据挖掘，决策支持，市场调研，竞争分析
通用能力：
问题解决能力：逻辑思维，创新思维，解决方案提供，决策能力，问题排查
沟通能力：口头表达，书面沟通，跨部门协作，客户关系管理，演示技巧
数据分析能力：数据处理，数据解读，数据可视化，统计分析，数据模型构建
项目管理：项目规划，进度管理，风险管理，团队协作，项目评估
综合分析能力：综合素材分析，综合判断，综合决策，综合评估，问题诊断
专业技能：
农村信贷评估：借款人评估，抵押评估，贷款风险评估，信用评估，还款能力分析
农村金融风险管理：风险识别，风险评估，风险控制策略，风险防范，风险投资
农村金融产品设计：产品定位，产品规划，产品创新，产品市场调研，产品推广
农村金融市场调研：市场需求分析，竞争对手分析，市场定位，市场前景预测，市场营销策略
农村金融机构管理：机构设置，组织架构，人员管理，绩效考核，机构运营管理
以上是针对农村金融的专业素养、通用能力和专业技能的分析，希望能对您的文本分析任务有所帮助。"
大数据与审计,"作为物流行业的职业分析师，我将为您提供关于大数据与审计的专业素养、通用能力和专业技能的分析。下面是按照您的要求提取的三个维度的能力列表：
专业素养能力：
大数据技术：大数据分析，数据挖掘，数据可视化，数据处理，数据建模
审计法规：审计准则，审计程序，内部控制，合规性审计，风险管理
数据隐私与安全：数据保护法规，数据安全措施，隐私保护，数据加密，数据备份与恢复
数据分析工具：大数据平台，数据分析软件，数据可视化工具，统计分析工具，数据挖掘工具
商业智能：数据分析，数据挖掘，决策支持，市场调研，竞争分析
通用能力：
问题解决能力：逻辑思维，创新思维，解决方案提供，决策能力，问题排查
沟通能力：口头表达，书面沟通，跨部门协作，客户关系管理，演示技巧
数据分析能力：数据处理，数据解读，数据可视化，统计分析，数据模型构建
项目管理：项目规划，进度管理，风险管理，团队协作，项目评估
综合分析能力：综合素材分析，综合判断，综合决策，综合评估，问题诊断
专业技能：
大数据分析：数据清洗，数据处理，数据挖掘技术，数据模型构建，数据可视化
风险评估与控制：风险识别，风险评估方法，风险控制策略，内部控制审计，风险报告
数据隐私与合规审计：数据保护策略审计，隐私合规性审计，数据使用合规性审计，数据安全审计，数据隐私合规框架
内部控制审计：流程分析，风险评估，控制评估，审计程序，内部控制报告
数据可视化与报告撰写：数据可视化工具，报表设计，信息呈现，报告撰写，审计发现汇报
以上是针对大数据与审计的专业素养、通用能力和专业技能的分析，希望能对您的文本分析任务有所帮助。"
统计与大数据分析,"作为物流行业的职业分析师，我将为您提供关于统计与大数据分析的专业素养、通用能力和专业技能的分析。下面是按照您的要求提取的三个维度的能力列表：
专业素养能力：
统计学基础：概率统计，假设检验，回归分析，抽样理论，统计推断
数据分析方法：数据清洗，数据预处理，数据可视化，统计分析，机器学习
数据探索：数据描述统计，相关分析，聚类分析，因子分析，时间序列分析
数据模型构建：回归模型，决策树，支持向量机，神经网络，深度学习
商业智能：数据分析，数据挖掘，决策支持，市场调研，竞争分析
通用能力：
问题解决能力：逻辑思维，创新思维，解决方案提供，决策能力，问题排查
沟通能力：口头表达，书面沟通，跨部门协作，客户关系管理，演示技巧
数据分析能力：数据处理，数据解读，数据可视化，统计分析，数据模型构建
项目管理：项目规划，进度管理，风险管理，团队协作，项目评估
综合分析能力：综合素材分析，综合判断，综合决策，综合评估，问题诊断
专业技能：
数据清洗与预处理：数据清洗，异常值处理，缺失值处理，数据转换，特征选择
统计分析方法：假设检验，方差分析，回归分析，因子分析，聚类分析
大数据处理：分布式计算，数据存储技术，大数据处理框架，并行计算，数据流处理
机器学习算法：决策树，支持向量机，朴素贝叶斯，随机森林，深度学习
数据可视化：图表设计，数据呈现，交互式可视化，仪表盘设计，报告撰写
以上是针对统计与大数据分析的专业素养、通用能力和专业技能的分析，希望能对您的文本分析任务有所帮助。"
统计与会计核算,"作为物流行业的职业分析师，我将为您提供关于统计与会计核算的专业素养、通用能力和专业技能的分析。下面是按照您的要求提取的三个维度的能力列表：
专业素养能力：
会计基础知识：财务会计，成本会计，管理会计，财务报表，会计准则
统计学基础：概率统计，假设检验，回归分析，抽样理论，统计推断
会计法规与合规：会计法律法规，财务报告准则，会计核算规范，内部控制，审计准则
财务分析：财务比率分析，财务预测，财务评估，财务指标分析，财务报告解读
商业智能：数据分析，数据挖掘，决策支持，市场调研，竞争分析
通用能力：
问题解决能力：逻辑思维，创新思维，解决方案提供，决策能力，问题排查
沟通能力：口头表达，书面沟通，跨部门协作，客户关系管理，演示技巧
数据分析能力：数据处理，数据解读，数据可视化，统计分析，数据模型构建
项目管理：项目规划，进度管理，风险管理，团队协作，项目评估
综合分析能力：综合素材分析，综合判断，综合决策，综合评估，问题诊断
专业技能：
财务会计核算：账务处理，财务报表编制，会计准则应用，成本核算，资产负债管理
统计分析方法：假设检验，方差分析，回归分析，时间序列分析，因子分析
财务报表分析：财务比率分析，财务指标解读，趋势分析，竞争对手分析，财务预测
内部控制与审计：内部控制评估，风险管理，审计程序，审计准则，内部审计
会计软件应用：财务软件操作，电子表格技能，数据库管理，数据导入导出，报表生成
以上是针对统计与会计核算的专业素养、通用能力和专业技能的分析，希望能对您的文本分析任务有所帮助。"
市场调查与统计分析,"作为物流行业的职业分析师，我将为您提供关于市场调查与统计分析的专业素养、通用能力和专业技能的分析。下面是按照您的要求提取的三个维度的能力列表：
专业素养能力：
市场调查方法：问卷设计，访谈技巧，数据收集，调研分析，市场定位
统计学基础：概率统计，假设检验，回归分析，抽样理论，统计推断
市场分析理论：市场规模估算，市场趋势分析，竞争对手分析，市场细分，市场需求预测
数据分析工具：数据清洗，数据可视化，统计分析软件，数据模型构建，数据解读
商业智能：数据分析，数据挖掘，决策支持，市场调研，竞争分析
通用能力：
问题解决能力：逻辑思维，创新思维，解决方案提供，决策能力，问题排查
沟通能力：口头表达，书面沟通，跨部门协作，客户关系管理，演示技巧
数据分析能力：数据处理，数据解读，数据可视化，统计分析，数据模型构建
项目管理：项目规划，进度管理，风险管理，团队协作，项目评估
综合分析能力：综合素材分析，综合判断，综合决策，综合评估，问题诊断
专业技能：
市场调查设计：样本选择，问卷设计，访谈技巧，数据收集方法，市场调研计划
数据清洗与处理：数据清洗，数据转换，异常值处理，缺失值处理，数据整合
统计分析方法：假设检验，方差分析，回归分析，聚类分析，时间序列分析
市场趋势分析：市场规模估算，市场份额分析，市场增长率计算，趋势预测，竞争分析
数据可视化与报告撰写：图表设计，数据呈现，报表撰写，数据解读，报告演示技巧
以上是针对市场调查与统计分析的专业素养、通用能力和专业技能的分析，希望能对您的文本分析任务有所帮助。"
服务外包,"作为物流行业的职业分析师，我将为您提供关于服务外包的专业素养、通用能力和专业技能的分析。下面是按照您的要求提取的三个维度的能力列表：
专业素养能力：
服务外包市场：市场趋势分析，竞争对手分析，市场定位，市场需求预测，行业洞察
服务外包模型：业务流程外包，业务功能外包，IT外包，人力资源外包，知识过程外包
合作伙伴管理：合作伙伴招募，合作伙伴关系管理，合作伙伴绩效评估，合作伙伴协作，合作伙伴沟通
契约管理：契约设计，契约履行，契约管理工具，契约风险评估，契约谈判
商业智能：数据分析，数据挖掘，决策支持，市场调研，竞争分析
通用能力：
问题解决能力：逻辑思维，创新思维，解决方案提供，决策能力，问题排查
沟通能力：口头表达，书面沟通，跨部门协作，客户关系管理，演示技巧
数据分析能力：数据处理，数据解读，数据可视化，统计分析，数据模型构建
项目管理：项目规划，进度管理，风险管理，团队协作，项目评估
综合分析能力：综合素材分析，综合判断，综合决策，综合评估，问题诊断
专业技能：
服务外包策划：外包项目规划，外包流程设计，外包服务评估，外包合同管理，外包交付管理
供应商选择与管理：供应商评估，供应商谈判，供应商绩效管理，供应商风险评估，供应商合作
合规与风险管理：法律合规性，合同风险管理，数据隐私保护，知识产权保护，信息安全管理
服务质量管理：服务级别协议，关键绩效指标，客户满意度调查，问题解决和改进，服务质量评估
跨文化管理：跨文化沟通，文化敏感度，团队多样性管理，全球业务协作，国际法规了解
以上是针对服务外包的专业素养、通用能力和专业技能的分析，希望能对您的文本分析任务有所帮助。"
商务管理,"作为物流行业的职业分析师，我将为您提供关于商务管理的专业素养、通用能力和专业技能的分析。下面是按照您的要求提取的三个维度的能力列表：
专业素养能力：
商务战略规划：市场分析，竞争分析，商业模式设计，战略定位，市场营销策略
商务法律与合规：商务合同管理，法律合规性，商业保险，知识产权保护，风险管理
商务伦理与社会责任：商业道德，社会责任倡议，企业公民意识，可持续发展，企业形象管理
跨文化沟通与管理：跨文化沟通技巧，文化敏感度，国际业务协调，全球团队管理，多元文化融合
商业智能：市场调研，数据分析，决策支持，竞争分析，商业模型开发
通用能力：
问题解决能力：逻辑思维，创新思维，解决方案提供，决策能力，问题排查
沟通能力：口头表达，书面沟通，跨部门协作，客户关系管理，演示技巧
领导力：团队管理，目标设定，决策能力，激励团队，冲突管理
项目管理：项目规划，进度管理，资源管理，风险管理，团队协作
综合分析能力：综合素材分析，综合判断，综合决策，综合评估，问题诊断
专业技能：
市场营销策划：市场定位，产品定价，促销策略，渠道管理，品牌建设
谈判与协商：谈判策略，谈判技巧，协商能力，合同谈判，冲突解决
供应链管理：供应商管理，物流管理，库存管理，需求计划，运输优化
业务拓展与合作：业务发展策略，市场拓展，合作伙伴关系管理，业务合作谈判，客户关系管理
商务报告与分析：数据分析，商务报告撰写，财务分析，市场趋势分析，竞争对手分析
以上是针对商务管理的专业素养、通用能力和专业技能的分析，希望能对您的文本分析任务有所帮助。"
跨境电子商务,"作为物流行业的职业分析师，我将为您提供关于跨境电子商务的专业素养、通用能力和专业技能的分析。下面是按照您的要求提取的三个维度的能力列表：
专业素养能力：
跨境电商市场：市场趋势分析，竞争对手分析，市场定位，市场需求预测，全球商业环境
国际贸易法规：关税规定，进出口合规，海关手续，贸易协议，知识产权保护
跨文化管理：跨文化沟通技巧，文化敏感度，国际业务协调，全球团队管理，多元文化融合
供应链管理：国际采购，物流管理，仓储与配送，退货与售后，海外仓管理
商业智能：数据分析，数据挖掘，决策支持，市场调研，竞争分析
通用能力：
问题解决能力：逻辑思维，创新思维，解决方案提供，决策能力，问题排查
沟通能力：口头表达，书面沟通，跨部门协作，客户关系管理，演示技巧
领导力：团队管理，目标设定，决策能力，激励团队，冲突管理
项目管理：项目规划，进度管理，资源管理，风险管理，团队协作
综合分析能力：综合素材分析，综合判断，综合决策，综合评估，问题诊断
专业技能：
跨境电商策划：市场定位，产品选择，跨境品牌建设，国际营销策略，全球电商平台运营
海外市场开拓：市场调研，供应链管理，海外销售渠道，市场推广，品牌推广
跨境支付与结算：支付体系了解，支付合规，外汇管理，结算方式选择，风险防控
跨境物流与仓储：海关规定，国际物流运输，海外仓管理，报关流程，退货与售后处理
跨境电商数据分析：数据收集，数据清洗，数据可视化，市场趋势分析，竞争对手分析
以上是针对跨境电子商务的专业素养、通用能力和专业技能的分析，希望能对您的文本分析任务有所帮助。"
农村电子商务,"作为物流行业的职业分析师，我将为您提供关于农村电子商务的专业素养、通用能力和专业技能的分析。下面是按照您的要求提取的三个维度的能力列表：
专业素养能力：
农村电商市场：农产品市场分析，农村消费者行为，市场定位，市场需求预测，农村电商政策
农村产业发展：农村产业分析，农村产业链管理，农产品品牌建设，产业扶贫，农村经济发展
农村消费者洞察：农村消费者调研，消费者行为分析，农村消费习惯，购物特点，消费心理
农村物流与配送：农产品采购与供应链管理，物流配送网络搭建，冷链物流管理，配送优化，仓储管理
商业智能：数据分析，数据挖掘，决策支持，市场调研，竞争分析
通用能力：
问题解决能力：逻辑思维，创新思维，解决方案提供，决策能力，问题排查
沟通能力：口头表达，书面沟通，跨部门协作，客户关系管理，演示技巧
领导力：团队管理，目标设定，决策能力，激励团队，冲突管理
项目管理：项目规划，进度管理，资源管理，风险管理，团队协作
综合分析能力：综合素材分析，综合判断，综合决策，综合评估，问题诊断
专业技能：
农产品选品与营销：产品评估，市场定位，渠道选择，农产品包装设计，促销策略
农村电商平台运营：平台搭建与管理，产品上架与库存管理，订单处理与售后服务，数据分析与运营优化，用户体验改进
农村物流解决方案：物流网络规划，运输合作伙伴管理，运输成本控制，冷链物流管理，仓储与配送管理
农村电商政策与法规：政策解读，合规管理，政府扶持政策了解，知识产权保护，风险防控
农村电商数据分析：数据收集与清洗，数据可视化，市场趋势分析，用户行为分析，竞争对手分析
以上是针对农村电子商务的专业素养、通用能力和专业技能的分析，希望能对您的文本分析任务有所帮助。"
航空物流管理,"作为物流行业的职业分析师，我将为您提供关于航空物流管理的专业素养、通用能力和专业技能的分析。下面是按照您的要求提取的三个维度的能力列表：
专业素养能力：
航空物流市场：市场趋势分析，航空货运市场，竞争对手分析，市场需求预测，航空物流政策
航空运输规划与管理：航班计划，航线选择，航空运输资源管理，航空货物装载计划，航空运输成本控制
航空安全与风险管理：飞行安全规定，货物安全管理，航空保险，危险品管理，突发事件应急处理
航空运价与合同管理：运价制定，合同谈判与管理，航空运输合同条款，费用结算，索赔处理
商业智能：数据分析，数据挖掘，决策支持，市场调研，竞争分析
通用能力：
问题解决能力：逻辑思维，创新思维，解决方案提供，决策能力，问题排查
沟通能力：口头表达，书面沟通，跨部门协作，客户关系管理，演示技巧
领导力：团队管理，目标设定，决策能力，激励团队，冲突管理
项目管理：项目规划，进度管理，资源管理，风险管理，团队协作
综合分析能力：综合素材分析，综合判断，综合决策，综合评估，问题诊断
专业技能：
航空货物管理：货物接收与装载，货物追踪与监控，货物分拣与仓储，货物损坏与遗失处理，特殊货物管理
航空仓库管理：仓库布局与设计，库存管理，出入库操作，货物配送与转运，仓库安全管理
运输计划与调度：航班计划制定，货物配载计划，运输资源调度，航班监控与调整，航班延误处理
航空物流技术应用：物流信息系统，航空追踪技术，航空运输优化，航空智能装备，无人机应用
航空运营优化：运输成本优化，航班运力管理，运输效率改进，航空合作伙伴关系管理，客户满意度提升
以上是针对航空物流管理的专业素养、通用能力和专业技能的分析，希望能对您的文本分析任务有所帮助。"
铁路物流管理,"作为物流行业的职业分析师，我将为您提供关于铁路物流管理的专业素养、通用能力和专业技能的分析。下面是按照您的要求提取的三个维度的能力列表：
专业素养能力：
铁路物流市场：市场趋势分析，铁路货运市场，竞争对手分析，市场需求预测，铁路物流政策
铁路运输规划与管理：列车调度，运输资源管理，运输成本控制，车辆装载规划，运输网络设计
铁路安全与风险管理：运行安全规定，货物安全管理，事故应急处理，安全培训与意识，风险评估与控制
运价与合同管理：运价制定，合同谈判与管理，费用结算，索赔处理，合同条款管理
商业智能：数据分析，数据挖掘，决策支持，市场调研，竞争分析
通用能力：
问题解决能力：逻辑思维，创新思维，解决方案提供，决策能力，问题排查
沟通能力：口头表达，书面沟通，跨部门协作，客户关系管理，演示技巧
领导力：团队管理，目标设定，决策能力，激励团队，冲突管理
项目管理：项目规划，进度管理，资源管理，风险管理，团队协作
综合分析能力：综合素材分析，综合判断，综合决策，综合评估，问题诊断
专业技能：
货物装载与运输：车辆装载规划，货物装载操作，货物装卸安全，货物追踪与监控，运输路线选择
铁路货场与仓储管理：货物分类与分拣，货场操作流程，货物堆放与保管，货场安全管理，货物配送与转运
运输计划与调度：列车调度计划制定，运输资源调度，车辆轮换与维护，运输成本优化，运输效率改进
铁路物流技术应用：物流信息系统，铁路追踪技术，铁路运输优化，车辆调度系统，智能装备应用
铁路运营优化：运输成本优化，运输效率改进，运输网络优化，合作伙伴管理，客户满意度提升
以上是针对铁路物流管理的专业素养、通用能力和专业技能的分析，希望能对您的文本分析任务有所帮助。"
港口物流管理,"作为物流行业的职业分析师，我将为您提供关于港口物流管理的专业素养、通用能力和专业技能的分析。下面是按照您的要求提取的三个维度的能力列表：
专业素养能力：
港口物流市场：市场趋势分析，港口货运市场，竞争对手分析，市场需求预测，港口物流政策
港口运输规划与管理：船舶调度，港口资源管理，运输成本控制，装卸计划制定，港口运输网络设计
港口安全与风险管理：港口安全规定，货物安全管理，事故应急处理，安全培训与意识，风险评估与控制
港口运价与合同管理：运价制定，合同谈判与管理，费用结算，索赔处理，合同条款管理
商业智能：数据分析，数据挖掘，决策支持，市场调研，竞争分析
通用能力：
问题解决能力：逻辑思维，创新思维，解决方案提供，决策能力，问题排查
沟通能力：口头表达，书面沟通，跨部门协作，客户关系管理，演示技巧
领导力：团队管理，目标设定，决策能力，激励团队，冲突管理
项目管理：项目规划，进度管理，资源管理，风险管理，团队协作
综合分析能力：综合素材分析，综合判断，综合决策，综合评估，问题诊断
专业技能：
船舶调度与管理：船舶计划制定，船舶调度操作，船舶货物装卸，港口资源调度，船舶运输成本控制
港口货物仓储管理：货物分类与分拣，货物装卸操作，货物堆放与保管，仓库安全管理，货物配送与转运
运输计划与调度：货物装卸计划制定，运输资源调度，运输成本优化，运输效率改进，运输网络设计
港口物流技术应用：物流信息系统，港口货物追踪技术，港口运输优化，装卸设备应用，智能港口技术
港口运营优化：运输成本优化，运输效率改进，港口合作伙伴关系管理，客户满意度提升，港口业务拓展
以上是针对港口物流管理的专业素养、通用能力和专业技能的分析，希望能对您的文本分析任务有所帮助。"
工程物流管理,"作为物流行业的职业分析师，我将为您提供关于工程物流管理的专业素养、通用能力和专业技能的分析。下面是按照您的要求提取的三个维度的能力列表：
专业素养能力：
工程物流规划：项目规划与管理，物流流程设计，物流需求分析，工程物流资源管理，物流成本控制
工程物流风险管理：风险评估与控制，应急预案制定，安全管理，工程物流法规，危险品管理
工程物流市场分析：市场趋势分析，竞争对手分析，需求预测，物流服务定位，市场调研
物流技术应用：物流信息系统，自动化设备应用，物流追踪技术，数据分析，智能物流技术
环境可持续发展：绿色物流实践，节能减排，资源回收利用，环境监测与评估，可持续供应链管理
通用能力：
问题解决能力：逻辑思维，创新思维，解决方案提供，决策能力，问题排查
沟通能力：口头表达，书面沟通，跨部门协作，客户关系管理，演示技巧
领导力：团队管理，目标设定，决策能力，激励团队，冲突管理
项目管理：项目规划，进度管理，资源管理，风险管理，团队协作
综合分析能力：综合素材分析，综合判断，综合决策，综合评估，问题诊断
专业技能：
物流计划与调度：物流需求分析，物流资源调度，运输路线规划，装卸计划制定，物流调度指挥
供应链管理：供应商管理，采购与供应管理，库存控制，订单处理，供应链协调与优化
货物包装与标识：包装设计与选择，标识要求与制定，货物捆绑与封装，包装材料选择，防护措施
工程物流设备操作：叉车操作，起重机操作，搬运设备操作，仓储设备操作，运输工具操作
物流成本管理：成本估算与控制，运输成本分析，库存成本管理，仓储成本优化，物流成本效益评估
以上是针对工程物流管理的专业素养、通用能力和专业技能的分析，希望能对您的文本分析任务有所帮助。"
采购与供应管理,"作为物流行业的职业分析师，我将为您提供关于采购与供应管理的专业素养、通用能力和专业技能的分析。下面是按照您的要求提取的三个维度的能力列表：
专业素养能力：
采购战略规划：供应链战略，采购策略，供应商选择，供应商管理，采购风险评估
供应链风险管理：供应风险评估，应急预案制定，供应链安全管理，供应链法规合规，业务连续性管理
供应市场分析：市场趋势分析，竞争对手分析，供应商调查，需求预测，市场调研
供应商关系管理：供应商评估，供应商合作协议，供应商绩效评估，供应商开发，供应商沟通与协调
商务智能：数据分析，数据挖掘，决策支持，市场调研，竞争分析
通用能力：
问题解决能力：逻辑思维，创新思维，解决方案提供，决策能力，问题排查
沟通能力：口头表达，书面沟通，跨部门协作，客户关系管理，演示技巧
领导力：团队管理，目标设定，决策能力，激励团队，冲突管理
项目管理：项目规划，进度管理，资源管理，风险管理，团队协作
综合分析能力：综合素材分析，综合判断，综合决策，综合评估，问题诊断
专业技能：
供应商评估与选择：供应商背景调查，供应商评估指标制定，供应商排名，供应商谈判，供应商合同管理
采购流程管理：采购需求分析，采购计划制定，询价与比价，采购合同管理，供应商支付与结算
供应链协调与优化：库存管理，订单处理，供应链协调，交货期管理，供应链性能评估
采购风险管理：风险评估与控制，供应商风险管理，市场风险管理，物流风险管理，法律合规风险管理
采购谈判与合同管理：谈判策略与技巧，合同起草与审查，合同谈判，供应商合同管理，索赔与争议解决
以上是针对采购与供应管理的专业素养、通用能力和专业技能的分析，希望能对您的文本分析任务有所帮助。"
